Ruolo,Calciatore,Voto,Gf,Gs,Rp,Rs,Rf,Au,Amm,Esp,Ass,FantaVoto
P,Carnesecchi,7.0,0.0,2.0,0.0,0.0,0,0.0,0.0,0.0,0.0,5.0
D,Zappacosta,6.5,0.0,0.0,0.0,0.0,0,0.0,0.0,0.0,1.0,7.5
D,Djimsiti,4.5,0.0,0.0,0.0,0.0,0,0.0,1.0,0.0,0.0,4.0
D,Ruggeri,6.0,0.0,0.0,0.0,0.0,0,0.0,0.0,0.0,0.0,6.0
D,Hien,5.5,0.0,0.0,0.0,0.0,0,0.0,1.0,0.0,0.0,5.0
D,Palestra,6.0,0.0,0.0,0.0,0.0,0,0.0,0.0,0.0,0.0,6.0
C,De Roon,5.5,0.0,0.0,0.0,0.0,0,0.0,0.0,0.0,0.0,5.5
C,Pasalic,5.0,0.0,0.0,0.0,1.0,0,0.0,1.0,0.0,0.0,1.5
C,Zaniolo,5.5,0.0,0.0,0.0,0.0,0,0.0,1.0,0.0,0.0,5.0
C,Brescianini,6.0,0.0,0.0,0.0,0.0,0,0.0,0.0,0.0,0.0,6.0
C,Samardzic,6.0,0.0,0.0,0.0,0.0,0,0.0,0.0,0.0,0.0,6.0
C,Ederson D.s.,6.5,0.0,0.0,0.0,0.0,0,0.0,0.0,0.0,0.0,6.5
C,Cassa,6.0,0.0,0.0,0.0,0.0,0,0.0,0.0,0.0,0.0,6.0
C,Manzoni,0.0,0.0,0.0,0.0,0.0,0,0.0,0.0,0.0,0.0,0.0
A,De Ketelaere,6.5,0.0,0.0,0.0,0.0,0,0.0,0.0,0.0,0.0,6.5
A,Retegui,7.0,1.0,0.0,0.0,0.0,0,0.0,0.0,0.0,0.0,10.0
P,Skorupski,6.0,0.0,3.0,0.0,0.0,0,0.0,0.0,0.0,0.0,3.0
D,Lykogiannis,5.5,0.0,0.0,0.0,0.0,0,0.0,0.0,0.0,0.0,5.5
D,Miranda J.,6.0,0.0,0.0,0.0,0.0,0,0.0,0.0,0.0,0.0,6.0
D,Erlic,6.0,0.0,0.0,0.0,0.0,0,0.0,0.0,0.0,0.0,6.0
D,Lucumi',5.0,0.0,0.0,0.0,0.0,0,0.0,1.0,0.0,0.0,4.5
D,Posch,5.0,0.0,0.0,0.0,0.0,0,0.0,1.0,0.0,0.0,4.5
D,Beukema,5.5,0.0,0.0,0.0,0.0,0,0.0,0.0,0.0,0.0,5.5
C,Freuler,6.0,0.0,0.0,0.0,0.0,0,0.0,0.0,0.0,0.0,6.0
C,Orsolini,5.5,0.0,0.0,0.0,0.0,0,0.0,0.0,0.0,0.0,5.5
C,Ndoye,6.0,0.0,0.0,0.0,0.0,0,0.0,0.0,0.0,0.0,6.0
C,Aebischer,5.5,0.0,0.0,0.0,0.0,0,0.0,0.0,0.0,0.0,5.5
C,Moro N.,5.5,0.0,0.0,0.0,0.0,0,0.0,0.0,0.0,0.0,5.5
C,Fabbian,0.0,0.0,0.0,0.0,0.0,0,0.0,0.0,0.0,0.0,0.0
C,Karlsson,5.5,0.0,0.0,0.0,0.0,0,0.0,0.0,0.0,0.0,5.5
A,Odgaard,5.5,0.0,0.0,0.0,0.0,0,0.0,0.0,0.0,0.0,5.5
A,Castro S.,5.5,0.0,0.0,0.0,0.0,0,0.0,0.0,0.0,0.0,5.5
P,Scuffet,6.5,0.0,1.0,0.0,0.0,0,0.0,0.0,0.0,0.0,5.5
D,Luperto,6.5,0.0,0.0,0.0,0.0,0,0.0,0.0,0.0,1.0,7.5
D,Palomino,6.0,0.0,0.0,0.0,0.0,0,0.0,0.0,0.0,0.0,6.0
D,Mina,6.0,0.0,0.0,0.0,0.0,0,0.0,0.0,0.0,0.0,6.0
D,Augello,6.0,0.0,0.0,0.0,0.0,0,0.0,0.0,0.0,0.0,6.0
D,Zappa,5.5,0.0,0.0,0.0,0.0,0,0.0,0.0,0.0,0.0,5.5
D,Obert,0.0,0.0,0.0,0.0,0.0,0,0.0,0.0,0.0,0.0,0.0
D,Azzi,6.5,0.0,0.0,0.0,0.0,0,0.0,0.0,0.0,0.0,6.5
C,Deiola,6.0,0.0,0.0,0.0,0.0,0,0.0,0.0,0.0,0.0,6.0
C,Adopo,6.0,0.0,0.0,0.0,0.0,0,0.0,0.0,0.0,0.0,6.0
C,Marin,5.5,0.0,0.0,0.0,0.0,0,0.0,1.0,0.0,0.0,5.0
C,Prati,6.0,0.0,0.0,0.0,0.0,0,0.0,1.0,0.0,0.0,5.5
A,Pavoletti,0.0,0.0,0.0,0.0,0.0,0,0.0,0.0,0.0,0.0,0.0
A,Lapadula,6.0,0.0,0.0,0.0,0.0,0,0.0,0.0,0.0,0.0,6.0
A,Piccoli,7.0,1.0,0.0,0.0,0.0,0,0.0,0.0,0.0,0.0,10.0
A,Luvumbo,6.0,0.0,0.0,0.0,0.0,0,0.0,0.0,0.0,0.0,6.0
P,Reina,5.5,0.0,1.0,0.0,0.0,0,0.0,0.0,0.0,0.0,4.5
D,Barba,4.5,0.0,0.0,0.0,0.0,0,0.0,0.0,0.0,0.0,4.5
D,Goldaniga,0.0,0.0,0.0,0.0,0.0,0,0.0,0.0,0.0,0.0,0.0
D,Sergi Roberto,6.0,0.0,0.0,0.0,0.0,0,0.0,0.0,0.0,0.0,6.0
D,Moreno Alb.,5.5,0.0,0.0,0.0,0.0,0,0.0,1.0,0.0,0.0,5.0
D,Dossena,6.0,0.0,0.0,0.0,0.0,0,0.0,0.0,0.0,1.0,7.0
D,Iovine,6.0,0.0,0.0,0.0,0.0,0,0.0,0.0,0.0,0.0,6.0
C,Mazzitelli,5.5,0.0,0.0,0.0,0.0,0,0.0,0.0,0.0,0.0,5.5
C,Strefezza,6.5,0.0,0.0,0.0,0.0,0,0.0,0.0,0.0,0.0,6.5
C,Da Cunha,6.0,0.0,0.0,0.0,0.0,0,0.0,0.0,0.0,0.0,6.0
C,Perrone,6.0,0.0,0.0,0.0,0.0,0,0.0,0.0,0.0,0.0,6.0
C,Braunoder,6.0,0.0,0.0,0.0,0.0,0,0.0,1.0,0.0,0.0,5.5
C,Paz N.,6.5,0.0,0.0,0.0,0.0,0,0.0,0.0,0.0,0.0,6.5
A,Cerri,5.0,0.0,0.0,0.0,0.0,0,0.0,0.0,0.0,0.0,5.0
A,Belotti,5.5,0.0,0.0,0.0,0.0,0,0.0,0.0,0.0,0.0,5.5
A,Cutrone,7.0,1.0,0.0,0.0,0.0,0,0.0,0.0,0.0,0.0,10.0
P,Vasquez D.,6.5,0.0,1.0,0.0,0.0,0,0.0,0.0,0.0,0.0,5.5
D,Pezzella Giu.,6.5,0.0,0.0,0.0,0.0,0,0.0,0.0,0.0,0.0,6.5
D,Walukiewicz,5.0,0.0,0.0,0.0,0.0,0,0.0,0.0,0.0,0.0,5.0
D,Ismajli,6.0,0.0,0.0,0.0,0.0,0,0.0,0.0,0.0,0.0,6.0
D,Stojanovic,0.0,0.0,0.0,0.0,0.0,0,0.0,0.0,0.0,0.0,0.0
D,Viti,7.0,0.0,0.0,0.0,0.0,0,0.0,0.0,0.0,0.0,7.0
D,Cacace,6.0,0.0,0.0,0.0,0.0,0,0.0,1.0,0.0,0.0,5.5
C,Haas,6.0,0.0,0.0,0.0,0.0,0,0.0,0.0,0.0,0.0,6.0
C,Henderson L.,6.5,0.0,0.0,0.0,0.0,0,0.0,0.0,0.0,0.0,6.5
C,Gyasi,6.5,1.0,0.0,0.0,0.0,0,0.0,0.0,0.0,0.0,9.5
C,Maleh,6.0,0.0,0.0,0.0,0.0,0,0.0,1.0,0.0,0.0,5.5
C,Fazzini,7.0,0.0,0.0,0.0,0.0,0,0.0,0.0,0.0,0.0,7.0
A,Esposito Se.,6.5,0.0,0.0,0.0,0.0,0,0.0,0.0,0.0,0.0,6.5
A,Colombo,7.0,0.0,0.0,0.0,0.0,1,0.0,0.0,0.0,1.0,11.0
A,Ekong,0.0,0.0,0.0,0.0,0.0,0,0.0,0.0,0.0,0.0,0.0
A,Solbakken,6.0,0.0,0.0,0.0,0.0,0,0.0,1.0,0.0,0.0,5.5
P,Terracciano,6.0,0.0,0.0,0.0,0.0,0,0.0,0.0,0.0,0.0,6.0
D,Biraghi,6.0,0.0,0.0,0.0,0.0,0,0.0,0.0,0.0,0.0,6.0
D,Ranieri L.,5.5,0.0,0.0,0.0,0.0,0,0.0,0.0,0.0,0.0,5.5
D,Martinez Quarta,0.0,0.0,0.0,0.0,0.0,0,0.0,0.0,0.0,0.0,0.0
D,Parisi,6.0,0.0,0.0,0.0,0.0,0,0.0,0.0,0.0,0.0,6.0
D,Dodo',6.0,0.0,0.0,0.0,0.0,0,0.0,0.0,0.0,0.0,6.0
D,Comuzzo,6.0,0.0,0.0,0.0,0.0,0,0.0,0.0,0.0,0.0,6.0
C,Mandragora,0.0,0.0,0.0,0.0,0.0,0,0.0,1.0,0.0,0.0,-0.5
C,Barak,5.5,0.0,0.0,0.0,0.0,0,0.0,0.0,0.0,0.0,5.5
C,Sottil,5.5,0.0,0.0,0.0,0.0,0,0.0,0.0,0.0,0.0,5.5
C,Amrabat,5.5,0.0,0.0,0.0,0.0,0,0.0,0.0,0.0,0.0,5.5
C,Colpani,5.5,0.0,0.0,0.0,0.0,0,0.0,0.0,0.0,0.0,5.5
C,Richardson,6.0,0.0,0.0,0.0,0.0,0,0.0,0.0,0.0,0.0,6.0
A,Kean,6.0,0.0,0.0,0.0,0.0,0,0.0,0.0,0.0,0.0,6.0
A,Kouame',5.5,0.0,0.0,0.0,0.0,0,0.0,0.0,0.0,0.0,5.5
A,Beltran L.,0.0,0.0,0.0,0.0,0.0,0,0.0,0.0,0.0,0.0,0.0
P,Gollini,6.0,0.0,0.0,0.0,0.0,0,0.0,0.0,0.0,0.0,6.0
D,Sabelli,6.5,0.0,0.0,0.0,0.0,0,0.0,0.0,0.0,1.0,7.5
D,Bani,6.0,0.0,0.0,0.0,0.0,0,0.0,0.0,0.0,0.0,6.0
D,Martin,6.5,0.0,0.0,0.0,0.0,0,0.0,0.0,0.0,0.0,6.5
D,Vasquez,6.0,0.0,0.0,0.0,0.0,0,0.0,0.0,0.0,0.0,6.0
D,Zanoli,6.0,0.0,0.0,0.0,0.0,0,0.0,0.0,0.0,0.0,6.0
D,De Winter,6.0,0.0,0.0,0.0,0.0,0,0.0,1.0,0.0,0.0,5.5
D,Vogliacco,6.0,0.0,0.0,0.0,0.0,0,0.0,0.0,0.0,0.0,6.0
C,Badelj,6.0,0.0,0.0,0.0,0.0,0,0.0,0.0,0.0,0.0,6.0
C,Thorsby,5.5,0.0,0.0,0.0,0.0,0,0.0,1.0,0.0,0.0,5.0
C,Malinovskyi,6.0,0.0,0.0,0.0,0.0,0,0.0,1.0,0.0,0.0,5.5
C,Messias,6.5,0.0,0.0,0.0,0.0,0,0.0,0.0,0.0,0.0,6.5
C,Frendrup,6.5,0.0,0.0,0.0,0.0,0,0.0,0.0,0.0,0.0,6.5
A,Pinamonti,7.0,1.0,0.0,0.0,0.0,0,0.0,0.0,0.0,0.0,10.0
A,Ekuban,6.0,0.0,0.0,0.0,0.0,0,0.0,0.0,0.0,0.0,6.0
A,Vitinha O.,6.0,0.0,0.0,0.0,0.0,0,0.0,0.0,0.0,0.0,6.0
P,Sommer,6.0,0.0,0.0,0.0,0.0,0,0.0,0.0,0.0,0.0,6.0
D,Dimarco,6.0,0.0,0.0,0.0,0.0,0,0.0,0.0,0.0,0.0,6.0
D,Acerbi,6.0,0.0,0.0,0.0,0.0,0,0.0,0.0,0.0,0.0,6.0
D,Bastoni,6.5,0.0,0.0,0.0,0.0,0,0.0,0.0,0.0,0.0,6.5
D,Darmian,7.0,1.0,0.0,0.0,0.0,0,0.0,0.0,0.0,0.0,10.0
D,Pavard,6.5,0.0,0.0,0.0,0.0,0,0.0,0.0,0.0,0.0,6.5
D,Dumfries,6.0,0.0,0.0,0.0,0.0,0,0.0,0.0,0.0,0.0,6.0
D,Carlos Augusto,6.0,0.0,0.0,0.0,0.0,0,0.0,0.0,0.0,0.0,6.0
C,Barella,6.5,0.0,0.0,0.0,0.0,0,0.0,0.0,0.0,0.0,6.5
C,Calhanoglu,7.0,0.0,0.0,0.0,0.0,1,0.0,0.0,0.0,0.0,10.0
C,Mkhitaryan,6.0,0.0,0.0,0.0,0.0,0,0.0,0.0,0.0,0.0,6.0
C,Frattesi,6.0,0.0,0.0,0.0,0.0,0,0.0,0.0,0.0,0.0,6.0
C,Asllani,0.0,0.0,0.0,0.0,0.0,0,0.0,0.0,0.0,0.0,0.0
A,Arnautovic,6.0,0.0,0.0,0.0,0.0,0,0.0,0.0,0.0,0.0,6.0
A,Thuram,6.0,0.0,0.0,0.0,0.0,0,0.0,0.0,0.0,0.0,6.0
A,Taremi,6.5,0.0,0.0,0.0,0.0,0,0.0,0.0,0.0,1.0,7.5
P,Di Gregorio,6.0,0.0,0.0,0.0,0.0,0,0.0,0.0,0.0,0.0,6.0
D,Bremer,7.0,0.0,0.0,0.0,0.0,0,0.0,0.0,0.0,0.0,7.0
D,Danilo,0.0,0.0,0.0,0.0,0.0,0,0.0,0.0,0.0,0.0,0.0
D,Kalulu,0.0,0.0,0.0,0.0,0.0,0,0.0,0.0,0.0,0.0,0.0
D,Cambiaso,6.0,0.0,0.0,0.0,0.0,0,0.0,0.0,0.0,0.0,6.0
D,Gatti,6.5,0.0,0.0,0.0,0.0,0,0.0,0.0,0.0,0.0,6.5
D,Cabal,7.0,0.0,0.0,0.0,0.0,0,0.0,0.0,0.0,0.0,7.0
D,Savona,7.0,1.0,0.0,0.0,0.0,0,0.0,0.0,0.0,0.0,10.0
D,Rouhi,0.0,0.0,0.0,0.0,0.0,0,0.0,0.0,0.0,0.0,0.0
C,Locatelli,7.0,0.0,0.0,0.0,0.0,0,0.0,0.0,0.0,0.0,7.0
C,Fagioli,6.0,0.0,0.0,0.0,0.0,0,0.0,0.0,0.0,0.0,6.0
C,Douglas Luiz,6.0,0.0,0.0,0.0,0.0,0,0.0,0.0,0.0,0.0,6.0
A,Vlahovic,7.5,1.0,0.0,0.0,0.0,1,0.0,0.0,0.0,0.0,13.5
A,Yildiz,7.0,0.0,0.0,0.0,0.0,0,0.0,0.0,0.0,1.0,8.0
A,Mbangula,7.5,0.0,0.0,0.0,0.0,0,0.0,0.0,0.0,1.0,8.5
A,Anghele',0.0,0.0,0.0,0.0,0.0,0,0.0,0.0,0.0,0.0,0.0
P,Provedel,5.5,0.0,2.0,0.0,0.0,0,0.0,0.0,0.0,0.0,3.5
D,Hysaj,0.0,0.0,0.0,0.0,0.0,0,0.0,0.0,0.0,0.0,0.0
D,Patric,5.0,0.0,0.0,0.0,0.0,0,0.0,0.0,0.0,0.0,5.0
D,Romagnoli,5.5,0.0,0.0,0.0,0.0,0,0.0,1.0,0.0,0.0,5.0
D,Marusic,5.0,0.0,0.0,0.0,0.0,0,0.0,0.0,0.0,0.0,5.0
D,Lazzari,6.5,0.0,0.0,0.0,0.0,0,0.0,0.0,0.0,0.0,6.5
D,Casale,5.5,0.0,0.0,0.0,0.0,0,0.0,0.0,0.0,0.0,5.5
C,Vecino,5.5,0.0,0.0,0.0,0.0,0,0.0,0.0,0.0,0.0,5.5
C,Zaccagni,5.5,0.0,0.0,0.0,0.0,0,0.0,0.0,0.0,0.0,5.5
C,Guendouzi,5.0,0.0,0.0,0.0,0.0,0,0.0,0.0,0.0,0.0,5.0
C,Tchaouna,0.0,0.0,0.0,0.0,0.0,0,0.0,0.0,0.0,0.0,0.0
C,Dele-Bashiru,6.0,0.0,0.0,0.0,0.0,0,0.0,0.0,0.0,0.0,6.0
A,Dia,6.0,0.0,0.0,0.0,0.0,0,0.0,0.0,0.0,0.0,6.0
A,Castellanos,6.0,0.0,0.0,0.0,0.0,0,0.0,0.0,0.0,0.0,6.0
A,Isaksen,6.5,1.0,0.0,0.0,0.0,0,0.0,0.0,0.0,0.0,9.5
A,Noslin,5.5,0.0,0.0,0.0,0.0,0,0.0,0.0,0.0,0.0,5.5
P,Falcone,6.0,0.0,2.0,0.0,0.0,0,0.0,0.0,0.0,0.0,4.0
D,Gallo,5.5,0.0,0.0,0.0,0.0,0,0.0,1.0,0.0,0.0,5.0
D,Baschirotto,5.5,0.0,0.0,0.0,0.0,0,0.0,0.0,0.0,0.0,5.5
D,Gendrey,5.5,0.0,0.0,0.0,0.0,0,0.0,0.0,0.0,0.0,5.5
D,Dorgu,6.0,0.0,0.0,0.0,0.0,0,0.0,0.0,0.0,0.0,6.0
D,Gaspar K.,5.0,0.0,0.0,0.0,0.0,0,0.0,0.0,0.0,0.0,5.0
C,Coulibaly L.,0.0,0.0,0.0,0.0,0.0,0,0.0,0.0,0.0,0.0,0.0
C,Berisha M.,0.0,0.0,0.0,0.0,0.0,0,0.0,0.0,0.0,0.0,0.0
C,Rafia,5.5,0.0,0.0,0.0,0.0,0,0.0,0.0,0.0,0.0,5.5
C,Ramadani,6.0,0.0,0.0,0.0,0.0,0,0.0,0.0,0.0,0.0,6.0
C,Pierret,5.5,0.0,0.0,0.0,0.0,0,0.0,0.0,0.0,0.0,5.5
C,Tete Morente,5.5,0.0,0.0,0.0,0.0,0,0.0,0.0,0.0,0.0,5.5
A,Banda,5.5,0.0,0.0,0.0,0.0,0,0.0,1.0,0.0,0.0,5.0
A,Krstovic,5.0,0.0,0.0,0.0,0.0,0,0.0,0.0,0.0,0.0,5.0
A,Pierotti,5.5,0.0,0.0,0.0,0.0,0,0.0,0.0,0.0,0.0,5.5
P,Maignan,6.0,0.0,2.0,0.0,0.0,0,0.0,0.0,0.0,0.0,4.0
D,Calabria,5.5,0.0,0.0,0.0,0.0,0,0.0,0.0,0.0,0.0,5.5
D,Hernandez T.,5.5,0.0,0.0,0.0,0.0,0,0.0,0.0,0.0,0.0,5.5
D,Tomori,5.5,0.0,0.0,0.0,0.0,0,0.0,0.0,0.0,0.0,5.5
D,Emerson Royal,5.0,0.0,0.0,0.0,0.0,0,0.0,1.0,0.0,0.0,4.5
D,Pavlovic,6.5,0.0,0.0,0.0,0.0,0,0.0,1.0,0.0,0.0,6.0
C,Pulisic,6.5,1.0,0.0,0.0,0.0,0,0.0,0.0,0.0,0.0,9.5
C,Loftus-Cheek,5.5,0.0,0.0,0.0,0.0,0,0.0,1.0,0.0,0.0,5.0
C,Fofana Y.,5.5,0.0,0.0,0.0,0.0,0,0.0,0.0,0.0,0.0,5.5
C,Chukwueze,0.0,0.0,0.0,0.0,0.0,0,0.0,0.0,0.0,0.0,0.0
C,Musah,5.5,0.0,0.0,0.0,0.0,0,0.0,0.0,0.0,0.0,5.5
C,Reijnders,6.0,0.0,0.0,0.0,0.0,0,0.0,0.0,0.0,0.0,6.0
A,Jovic,0.0,0.0,0.0,0.0,0.0,0,0.0,0.0,0.0,0.0,0.0
A,Leao,6.0,0.0,0.0,0.0,0.0,0,0.0,0.0,0.0,1.0,7.0
A,Okafor,5.0,0.0,0.0,0.0,0.0,0,0.0,0.0,0.0,0.0,5.0
P,Pizzignacco,6.0,0.0,1.0,0.0,0.0,0,0.0,0.0,0.0,0.0,5.0
D,Izzo,5.0,0.0,0.0,0.0,0.0,0,0.0,1.0,0.0,0.0,4.5
D,Pereira P.,0.0,0.0,0.0,0.0,0.0,0,0.0,0.0,0.0,0.0,0.0
D,Kyriakopoulos,6.0,0.0,0.0,0.0,0.0,0,0.0,0.0,0.0,0.0,6.0
D,Mari',6.0,0.0,0.0,0.0,0.0,0,0.0,1.0,0.0,0.0,5.5
D,Caldirola,5.5,0.0,0.0,0.0,0.0,0,0.0,0.0,0.0,0.0,5.5
D,Birindelli,5.5,0.0,0.0,0.0,0.0,0,0.0,0.0,0.0,0.0,5.5
C,Gagliardini,6.0,0.0,0.0,0.0,0.0,0,0.0,0.0,0.0,0.0,6.0
C,Pessina,5.5,0.0,0.0,0.0,0.0,0,0.0,0.0,0.0,0.0,5.5
C,Maldini,6.0,0.0,0.0,0.0,0.0,0,0.0,0.0,0.0,0.0,6.0
C,Vignato S.,6.0,0.0,0.0,0.0,0.0,0,0.0,0.0,0.0,0.0,6.0
C,Bondo,6.0,0.0,0.0,0.0,0.0,0,0.0,0.0,0.0,0.0,6.0
A,Petagna,5.5,0.0,0.0,0.0,0.0,0,0.0,0.0,0.0,0.0,5.5
A,Caprari,6.0,0.0,0.0,0.0,0.0,0,0.0,0.0,0.0,0.0,6.0
A,Djuric,5.5,0.0,0.0,0.0,0.0,0,0.0,0.0,0.0,0.0,5.5
A,Mota,5.5,0.0,0.0,0.0,0.0,0,0.0,0.0,0.0,0.0,5.5
P,Meret,6.5,0.0,0.0,0.0,0.0,0,0.0,0.0,0.0,0.0,6.5
D,Spinazzola,6.0,0.0,0.0,0.0,0.0,0,0.0,0.0,0.0,0.0,6.0
D,Buongiorno,6.5,0.0,0.0,0.0,0.0,0,0.0,0.0,0.0,0.0,6.5
D,Di Lorenzo,7.0,1.0,0.0,0.0,0.0,0,0.0,0.0,0.0,0.0,10.0
D,Rrahmani,6.5,0.0,0.0,0.0,0.0,0,0.0,1.0,0.0,0.0,6.0
D,Mazzocchi,6.0,0.0,0.0,0.0,0.0,0,0.0,1.0,0.0,0.0,5.5
D,Olivera,6.0,0.0,0.0,0.0,0.0,0,0.0,0.0,0.0,0.0,6.0
C,Politano,6.0,0.0,0.0,0.0,0.0,0,0.0,0.0,0.0,0.0,6.0
C,Zambo Anguissa,6.5,0.0,0.0,0.0,0.0,0,0.0,0.0,0.0,0.0,6.5
C,Lobotka,6.5,0.0,0.0,0.0,0.0,0,0.0,0.0,0.0,0.0,6.5
C,Neres,6.5,0.0,0.0,0.0,0.0,0,0.0,0.0,0.0,1.0,7.5
A,Simeone,6.5,1.0,0.0,0.0,0.0,0,0.0,0.0,0.0,0.0,9.5
A,Raspadori,5.5,0.0,0.0,0.0,0.0,0,0.0,0.0,0.0,0.0,5.5
A,Kvaratskhelia,8.0,1.0,0.0,0.0,0.0,0,0.0,0.0,0.0,1.0,12.0
P,Suzuki,6.5,0.0,1.0,0.0,0.0,0,0.0,0.0,0.0,0.0,5.5
D,Balogh,6.5,0.0,0.0,0.0,0.0,0,0.0,0.0,0.0,0.0,6.5
D,Valeri,6.5,0.0,0.0,0.0,0.0,0,0.0,0.0,0.0,1.0,7.5
D,Circati,6.0,0.0,0.0,0.0,0.0,0,0.0,0.0,0.0,0.0,6.0
D,Delprato,6.0,0.0,0.0,0.0,0.0,0,0.0,0.0,0.0,0.0,6.0
D,Coulibaly W.,6.5,0.0,0.0,0.0,0.0,0,0.0,0.0,0.0,0.0,6.5
C,Cyprien,6.0,0.0,0.0,0.0,0.0,0,0.0,0.0,0.0,0.0,6.0
C,Estevez,6.0,0.0,0.0,0.0,0.0,0,0.0,0.0,0.0,0.0,6.0
C,Sohm,6.0,0.0,0.0,0.0,0.0,0,0.0,0.0,0.0,0.0,6.0
C,Man,7.0,1.0,0.0,0.0,0.0,0,0.0,0.0,0.0,0.0,10.0
C,Bernabe',6.5,0.0,0.0,0.0,0.0,0,0.0,0.0,0.0,0.0,6.5
A,Mihaila,6.5,0.0,0.0,0.0,0.0,0,0.0,0.0,0.0,0.0,6.5
A,Cancellieri,7.0,1.0,0.0,0.0,0.0,0,0.0,0.0,0.0,0.0,10.0
A,Almqvist,6.5,0.0,0.0,0.0,0.0,0,0.0,0.0,0.0,1.0,7.5
A,Bonny,6.5,0.0,0.0,0.0,0.0,0,0.0,0.0,0.0,0.0,6.5
P,Svilar,6.5,0.0,2.0,0.0,0.0,0,0.0,0.0,0.0,0.0,4.5
D,Mancini,6.5,0.0,0.0,0.0,0.0,0,0.0,0.0,0.0,0.0,6.5
D,N'Dicka,6.0,0.0,0.0,0.0,0.0,0,0.0,0.0,0.0,0.0,6.0
D,Celik,6.0,0.0,0.0,0.0,0.0,0,0.0,0.0,0.0,0.0,6.0
D,Angelino,5.5,0.0,0.0,0.0,0.0,0,0.0,0.0,0.0,0.0,5.5
C,Paredes,4.0,0.0,0.0,0.0,0.0,0,0.0,0.0,0.0,0.0,4.0
C,Pellegrini Lo.,5.5,0.0,0.0,0.0,0.0,0,0.0,0.0,0.0,0.0,5.5
C,Cristante,6.0,0.0,0.0,0.0,0.0,0,0.0,0.0,0.0,0.0,6.0
C,Zalewski,6.0,0.0,0.0,0.0,0.0,0,0.0,0.0,0.0,0.0,6.0
C,Baldanzi,6.5,0.0,0.0,0.0,0.0,0,0.0,0.0,0.0,1.0,7.5
C,Le Fee,6.0,0.0,0.0,0.0,0.0,0,0.0,0.0,0.0,0.0,6.0
A,Dybala,5.0,0.0,0.0,0.0,0.0,0,0.0,0.0,0.0,0.0,5.0
A,Shomurodov,7.0,1.0,0.0,0.0,0.0,0,0.0,0.0,0.0,0.0,10.0
A,Soule',5.0,0.0,0.0,0.0,0.0,0,0.0,0.0,0.0,0.0,5.0
A,Dovbyk,5.5,0.0,0.0,0.0,0.0,0,0.0,0.0,0.0,0.0,5.5
P,Milinkovic-Savic V.,7.5,0.0,1.0,1.0,0.0,0,0.0,1.0,0.0,0.0,9.0
D,Masina,6.0,0.0,0.0,0.0,0.0,0,0.0,0.0,0.0,0.0,6.0
D,Lazaro,5.5,0.0,0.0,0.0,0.0,0,0.0,0.0,0.0,0.0,5.5
D,Vojvoda,6.5,0.0,0.0,0.0,0.0,0,0.0,0.0,0.0,0.0,6.5
D,Coco,5.5,0.0,0.0,0.0,0.0,0,0.0,0.0,0.0,0.0,5.5
D,Sosa B.,0.0,0.0,0.0,0.0,0.0,0,0.0,0.0,0.0,0.0,0.0
D,Dembele' A.,6.0,0.0,0.0,0.0,0.0,0,0.0,0.0,0.0,0.0,6.0
C,Linetty,5.5,0.0,0.0,0.0,0.0,0,0.0,0.0,0.0,0.0,5.5
C,Tameze,6.0,0.0,0.0,0.0,0.0,0,0.0,0.0,0.0,0.0,6.0
C,Ilic,7.5,1.0,0.0,0.0,0.0,0,0.0,1.0,0.0,0.0,10.0
C,Ricci S.,6.5,0.0,0.0,0.0,0.0,0,0.0,0.0,0.0,0.0,6.5
C,Ciammaglichella,0.0,0.0,0.0,0.0,0.0,0,0.0,0.0,0.0,0.0,0.0
A,Zapata D.,6.5,0.0,0.0,0.0,0.0,0,0.0,1.0,0.0,0.0,6.0
A,Karamoh,0.0,0.0,0.0,0.0,0.0,0,0.0,0.0,0.0,0.0,0.0
A,Adams C.,7.5,1.0,0.0,0.0,0.0,0,0.0,0.0,0.0,1.0,11.5
P,Okoye,6.0,0.0,1.0,0.0,0.0,0,0.0,0.0,0.0,0.0,5.0
D,Kabasele,6.0,0.0,0.0,0.0,0.0,0,0.0,0.0,0.0,0.0,6.0
D,Kamara H.,5.0,0.0,0.0,0.0,0.0,0,0.0,0.0,1.0,0.0,4.0
D,Perez N.,6.5,0.0,0.0,0.0,0.0,0,0.0,0.0,0.0,0.0,6.5
D,Bijol,7.0,0.0,0.0,0.0,0.0,0,0.0,0.0,0.0,0.0,7.0
D,Ehizibue,6.5,0.0,0.0,0.0,0.0,0,0.0,0.0,0.0,0.0,6.5
D,Giannetti L.,6.0,0.0,0.0,0.0,0.0,0,0.0,1.0,0.0,0.0,5.5
C,Lovric,6.0,0.0,0.0,0.0,0.0,0,0.0,0.0,0.0,0.0,6.0
C,Zarraga,6.0,0.0,0.0,0.0,0.0,0,0.0,0.0,0.0,0.0,6.0
C,Payero,6.5,0.0,0.0,0.0,0.0,0,0.0,1.0,0.0,0.0,6.0
C,Karlstrom,6.5,0.0,0.0,0.0,0.0,0,0.0,0.0,0.0,0.0,6.5
C,Ekkelenkamp,6.0,0.0,0.0,0.0,0.0,0,0.0,0.0,0.0,0.0,6.0
A,Thauvin,8.0,1.0,0.0,0.0,0.0,0,0.0,0.0,0.0,1.0,12.0
A,Davis K.,0.0,0.0,0.0,0.0,0.0,0,0.0,0.0,0.0,0.0,0.0
A,Brenner,6.0,0.0,0.0,0.0,0.0,0,0.0,0.0,0.0,0.0,6.0
A,Lucca,7.0,1.0,0.0,0.0,0.0,0,0.0,0.0,0.0,0.0,10.0
P,Joronen,7.0,0.0,0.0,0.0,0.0,0,0.0,0.0,0.0,0.0,7.0
D,Zampano,6.0,0.0,0.0,0.0,0.0,0,0.0,1.0,0.0,0.0,5.5
D,Candela,6.0,0.0,0.0,0.0,0.0,0,0.0,0.0,0.0,0.0,6.0
D,Altare,6.5,0.0,0.0,0.0,0.0,0,0.0,0.0,0.0,0.0,6.5
D,Svoboda,6.5,0.0,0.0,0.0,0.0,0,0.0,0.0,0.0,0.0,6.5
D,Idzes,6.0,0.0,0.0,0.0,0.0,0,0.0,0.0,0.0,0.0,6.0
D,Sverko,6.0,0.0,0.0,0.0,0.0,0,0.0,0.0,0.0,0.0,6.0
C,Duncan,6.0,0.0,0.0,0.0,0.0,0,0.0,0.0,0.0,0.0,6.0
C,Nicolussi Caviglia,6.5,0.0,0.0,0.0,0.0,0,0.0,0.0,0.0,0.0,6.5
C,Ellertsson,6.0,0.0,0.0,0.0,0.0,0,0.0,0.0,0.0,0.0,6.0
C,Oristanio,5.5,0.0,0.0,0.0,0.0,0,0.0,1.0,0.0,0.0,5.0
C,Andersen M.k.,5.5,0.0,0.0,0.0,0.0,0,0.0,0.0,0.0,0.0,5.5
C,Doumbia I.,0.0,0.0,0.0,0.0,0.0,0,0.0,0.0,0.0,0.0,0.0
A,Pierini,6.0,0.0,0.0,0.0,0.0,0,0.0,0.0,0.0,0.0,6.0
A,Raimondo,6.0,0.0,0.0,0.0,0.0,0,0.0,0.0,0.0,0.0,6.0
A,Gytkjaer,5.5,0.0,0.0,0.0,0.0,0,0.0,0.0,0.0,0.0,5.5
P,Montipo',6.0,0.0,3.0,0.0,0.0,0,0.0,0.0,0.0,0.0,3.0
D,Magnani,5.0,0.0,0.0,0.0,0.0,0,0.0,0.0,0.0,0.0,5.0
D,Dawidowicz,5.0,0.0,0.0,0.0,0.0,0,0.0,0.0,0.0,0.0,5.0
D,Coppola D.,5.5,0.0,0.0,0.0,0.0,0,0.0,0.0,0.0,0.0,5.5
D,Tchatchoua,4.5,0.0,0.0,0.0,0.0,0,0.0,0.0,0.0,0.0,4.5
D,Frese,6.0,0.0,0.0,0.0,0.0,0,0.0,0.0,0.0,0.0,6.0
C,Lazovic,5.5,0.0,0.0,0.0,0.0,0,0.0,0.0,0.0,0.0,5.5
C,Duda,5.0,0.0,0.0,0.0,0.0,0,0.0,1.0,0.0,0.0,4.5
C,Harroui,6.0,0.0,0.0,0.0,0.0,0,0.0,0.0,0.0,0.0,6.0
C,Alidou,5.5,0.0,0.0,0.0,0.0,0,0.0,0.0,0.0,0.0,5.5
C,Belahyane,5.0,0.0,0.0,0.0,0.0,0,0.0,0.0,0.0,0.0,5.0
C,Suslov,6.0,0.0,0.0,0.0,0.0,0,0.0,0.0,0.0,0.0,6.0
C,Dani Silva,0.0,0.0,0.0,0.0,0.0,0,0.0,0.0,0.0,0.0,0.0
A,Mosquera,5.5,0.0,0.0,0.0,0.0,0,0.0,0.0,0.0,0.0,5.5
A,Rocha Livramento,5.0,0.0,0.0,0.0,0.0,0,0.0,0.0,0.0,0.0,5.0
A,Tengstedt,6.0,0.0,0.0,0.0,0.0,0,0.0,0.0,0.0,0.0,6.0
